{
  "dwdp": {
    "comms_planner": {
      "cpu_ms": 107.91814500000139,
      "device_ms": 21.26709300000227,
      "operators": [
        "dwdp.comms_planner"
      ]
    },
    "copies": {
      "cpu_ms": 312.22938399981064,
      "device_ms": 81.63633599993307,
      "operators": [
        "aten::_to_copy",
        "aten::copy_",
        "aten::to",
        "aten::topk"
      ]
    },
    "dispatcher": {
      "cpu_ms": 188.8607239999169,
      "device_ms": 457.1812499999945,
      "operators": [
        "dwdp.dispatcher"
      ]
    },
    "executor": {
      "cpu_ms": 620.5208350001016,
      "device_ms": 5554.851141999991,
      "operators": [
        "dwdp.executor"
      ]
    },
    "gather": {
      "cpu_ms": 254.94236200004912,
      "device_ms": 64.38742599995909,
      "operators": [
        "aten::index",
        "aten::index_select",
        "dwdp.gather"
      ]
    },
    "gemms": {
      "cpu_ms": 1317.901006000158,
      "device_ms": 3334.249918000041,
      "operators": [
        "aten::addmm",
        "aten::bmm",
        "aten::matmul",
        "aten::mm",
        "dwdp.expert_gemms"
      ]
    },
    "merger": {
      "cpu_ms": 90.45536400005413,
      "device_ms": 63.8394089999889,
      "operators": [
        "dwdp.merger"
      ]
    },
    "python_orchestration": {
      "cpu_ms": 1097.8686469999384,
      "device_ms": 11497.877315,
      "operators": [
        "dwdp.python_orchestration"
      ]
    },
    "router": {
      "cpu_ms": 206.53418499997977,
      "device_ms": 519.2920170000104,
      "operators": [
        "dwdp.router"
      ]
    },
    "scheduler": {
      "cpu_ms": 315.0539649999263,
      "device_ms": 1012.3649689999924,
      "operators": [
        "dwdp.scheduler"
      ]
    },
    "synchronization": {
      "cpu_ms": 0.0,
      "device_ms": 0.0,
      "operators": []
    },
    "top_operators": [
      {
        "calls": 134536,
        "operator": "cudaLaunchKernel",
        "self_cpu_ms": 1327.8982630000673,
        "self_device_ms": 0.0
      },
      {
        "calls": 3785,
        "operator": "dwdp.expert_gemms",
        "self_cpu_ms": 1238.9869040001558,
        "self_device_ms": 0.0
      },
      {
        "calls": 1,
        "operator": "dwdp.python_orchestration",
        "self_cpu_ms": 1097.8686469999384,
        "self_device_ms": 0.0
      },
      {
        "calls": 16572,
        "operator": "bitsandbytes::gemv_4bit",
        "self_cpu_ms": 924.1110740000651,
        "self_device_ms": 804.8411900000414
      },
      {
        "calls": 18267,
        "operator": "bitsandbytes::dequantize_blockwise",
        "self_cpu_ms": 820.8832119998324,
        "self_device_ms": 106.80863300001768
      },
      {
        "calls": 768,
        "operator": "dwdp.executor",
        "self_cpu_ms": 620.5208350001016,
        "self_device_ms": 0.0
      },
      {
        "calls": 63940,
        "operator": "cudaMemcpyAsync",
        "self_cpu_ms": 455.2215280001483,
        "self_device_ms": 0.0
      },
      {
        "calls": 53201,
        "operator": "cudaStreamSynchronize",
        "self_cpu_ms": 451.54097799999346,
        "self_device_ms": 0.0
      },
      {
        "calls": 22812,
        "operator": "aten::add",
        "self_cpu_ms": 384.8889929999677,
        "self_device_ms": 107.34511300003777
      },
      {
        "calls": 768,
        "operator": "dwdp.scheduler",
        "self_cpu_ms": 315.0539649999263,
        "self_device_ms": 0.0
      },
      {
        "calls": 28439,
        "operator": "aten::empty_strided",
        "self_cpu_ms": 269.2725319999038,
        "self_device_ms": 0.0
      },
      {
        "calls": 15442,
        "operator": "aten::mul",
        "self_cpu_ms": 245.5124740000653,
        "self_device_ms": 109.29169100003841
      },
      {
        "calls": 33136,
        "operator": "aten::empty",
        "self_cpu_ms": 244.50643899999517,
        "self_device_ms": 0.0
      },
      {
        "calls": 49358,
        "operator": "aten::_local_scalar_dense",
        "self_cpu_ms": 235.89210399982298,
        "self_device_ms": 87.08611500004443
      },
      {
        "calls": 768,
        "operator": "dwdp.router",
        "self_cpu_ms": 206.53418499997977,
        "self_device_ms": 0.0
      },
      {
        "calls": 768,
        "operator": "dwdp.dispatcher",
        "self_cpu_ms": 188.8607239999169,
        "self_device_ms": 0.0
      },
      {
        "calls": 3785,
        "operator": "dwdp.gather",
        "self_cpu_ms": 180.24495200002895,
        "self_device_ms": 0.0
      },
      {
        "calls": 21679,
        "operator": "aten::copy_",
        "self_cpu_ms": 174.67350499979395,
        "self_device_ms": 66.12084399991696
      },
      {
        "calls": 1695,
        "operator": "MatMul4Bit",
        "self_cpu_ms": 137.47991499997943,
        "self_device_ms": 0.0
      },
      {
        "calls": 157279,
        "operator": "aten::as_strided",
        "self_cpu_ms": 131.2235329998621,
        "self_device_ms": 0.0
      },
      {
        "calls": 40724,
        "operator": "aten::t",
        "self_cpu_ms": 116.01403000005033,
        "self_device_ms": 0.0
      },
      {
        "calls": 768,
        "operator": "dwdp.comms_planner",
        "self_cpu_ms": 107.91814500000139,
        "self_device_ms": 0.0
      },
      {
        "calls": 768,
        "operator": "dwdp.merger",
        "self_cpu_ms": 90.45536400005413,
        "self_device_ms": 0.0
      },
      {
        "calls": 45516,
        "operator": "aten::select",
        "self_cpu_ms": 86.19062700006923,
        "self_device_ms": 0.0
      },
      {
        "calls": 46900,
        "operator": "aten::transpose",
        "self_cpu_ms": 84.9370839998752,
        "self_device_ms": 0.0
      },
      {
        "calls": 45776,
        "operator": "aten::slice",
        "self_cpu_ms": 78.85670599989314,
        "self_device_ms": 0.0
      },
      {
        "calls": 76086,
        "operator": "aten::to",
        "self_cpu_ms": 77.553956000027,
        "self_device_ms": 0.0
      },
      {
        "calls": 4553,
        "operator": "aten::silu",
        "self_cpu_ms": 77.51911799990906,
        "self_device_ms": 22.371020000043
      },
      {
        "calls": 6889,
        "operator": "aten::index_select",
        "self_cpu_ms": 73.89601700003072,
        "self_device_ms": 42.568022999986816
      },
      {
        "calls": 1695,
        "operator": "bitsandbytes::dequantize_4bit",
        "self_cpu_ms": 72.14083000000436,
        "self_device_ms": 117.10540400000211
      }
    ]
  },
  "dwdp_load_time_ms": 127314.09134199999,
  "dwdp_output": "I am a helpful assistant that can answer questions and provide information on a wide range of topics. I am here to assist you in any way I can. If",
  "hf": {
    "comms_planner": {
      "cpu_ms": 0.0,
      "device_ms": 0.0,
      "operators": []
    },
    "copies": {
      "cpu_ms": 154.00144400000954,
      "device_ms": 47.72927499998476,
      "operators": [
        "aten::_to_copy",
        "aten::copy_",
        "aten::to",
        "aten::topk"
      ]
    },
    "dispatcher": {
      "cpu_ms": 0.0,
      "device_ms": 0.0,
      "operators": []
    },
    "executor": {
      "cpu_ms": 0.0,
      "device_ms": 0.0,
      "operators": []
    },
    "gather": {
      "cpu_ms": 302.92044400001464,
      "device_ms": 117.03013200002957,
      "operators": [
        "aten::index",
        "aten::index_add_",
        "aten::index_select"
      ]
    },
    "gemms": {
      "cpu_ms": 79.0848759999947,
      "device_ms": 174.86154100000098,
      "operators": [
        "aten::addmm",
        "aten::bmm",
        "aten::matmul",
        "aten::mm"
      ]
    },
    "merger": {
      "cpu_ms": 0.0,
      "device_ms": 0.0,
      "operators": []
    },
    "python_orchestration": {
      "cpu_ms": 0.0,
      "device_ms": 0.0,
      "operators": []
    },
    "router": {
      "cpu_ms": 0.0,
      "device_ms": 0.0,